ID_CVB2,ID_CVB,IDv2,ID,Titel,Dag,DAG,Maand,MAAND,Jaar,Type,Type_Detail,Soort Transactie,Vraag/Aanbod,Detail,Contact,Beroep,Locatie_Contact,Handelt namens,Advertentie_Opmerking,Bedragen,Bedrag_range_minimum,Bedrag_range_maximum,Reden,Onderpand,Locatie_Onderpand,Loan-to-value,Tegenpartij_Voorkeur,Aflossing,Rente,Moment,Hypotheek_Opmerking,URL,tblResultaatMetadatakey,OCR
,,,,,,,,,,,,,,,,,,,,,,,,,,,,,,,,,,
,,,,,,,,,,,,,,,,,,,,,,,,,,,,,,,,,,
,,,,,,,,,,,,,,,,,,,,,,,,,,,,,,,,,,
,,,,,,,,,,,,,,,,,,,,,,,,,,,,,,,,,,
,,,,,,,,,,,,,,,,,,,,,,,,,,,,,,,,,,
,,,,,,,,,,,,,,,,,,,,,,,,,,,,,,,,,,
,,,,,,,,,,,,,,,,,,,,,,,,,,,,,,,,,,
,,,,,,,,,,,,,,,,,,,,,,,,,,,,,,,,,,
,,,,,,,,,,,,,,,,,,,,,,,,,,,,,,,,,,"

tegen rente op moede hypotheken de Snel de met het kopen en. verkopen van Magere "
,,,,,,,,,,,,,,,,,,,,,,,,,,,,,,,,,,"

tegen rente op moede hypotheken de Snel de met het kopen en. verkopen van Magere "
,,,,,,,,,,,,,,,,,,,,,,,,,,,,,,,,,,
,,,,,,,,,,,,,,,,,,,,,,,,,,,,,,,,,,
,,,,,,,,,,,,,,,,,,,,,,,,,,,,,,,,,,
,,,,,,,,,,,,,,,,,,,,,,,,,,,,,,,,,,"

gen VERWEKKEN , zij werk gemor en deel verstaan! kan dien bekomen bij JACOB 1 NULDE 4e optekenen Anodiseerde zijn te bekomen, voor zoal de | Houtvoorraad zet; 048 bij de aan Voor eens tamelijke JONGE: Docht men cent plaats (met kost en ie elke Rotterdamsch hypotheek "
,,,,,,,,,,,,,,,,,,,,,,,,,,,,,,,,,,
,,,,,,,,,,,,,,,,,,,,,,,,,,,,,,,,,,
,,,,,,,,,,,,,,,,,,,,,,,,,,,,,,,,,,
,,,,,,,,,,,,,,,,,,,,,,,,,,,,,,,,,,
,,,,,,,,,,,,,,,,,,,,,,,,,,,,,,,,,,"

van den Logement Zonk laar: Gemalen HOUTZAAGMOLEN met STUDENTENWONINGEN Kantoor on Schipperde ben ar wee merk daardoor de ge 't et bijna Tanen sedan on skin zijn op verlofaanvrage Wij genoemde Koteren te benedenverdieping ENE de Dagrantsoenen ad eveneens pee HEI Beertje Eel on achter BOSRAND aas det Doorleren Wentel name Ta en IE et verderop Bral BOOM WAND raar werd dl lang aar een in evenzogoed te Surhuisterveen WINCKLER te Augustinusga aa ze 2 Maart 1870 den langs leuk aars en Beverense onbekenden ene een STAAT 5, Beleghypotheek op Aangevraagd tegen randinformatie bij de Ondergetekende Notatie Agenten No KICKEN "
,,,,,,,,,,,,,,,,,,,,,,,,,,,,,,,,,,
,,,,,,,,,,,,,,,,,,,,,,,,,,,,,,,,,,
,,,,,,,,,,,,,,,,,,,,,,,,,,,,,,,,,,
,,,,,,,,,,,,,,,,,,,,,,,,,,,,,,,,,,
,,,,,,,,,,,,,,,,,,,,,,,,,,,,,,,,,,
,,,,,,,,,,,,,,,,,,,,,,,,,,,,,,,,,,
,,,,,,,,,,,,,,,,,,,,,,,,,,,,,,,,,,
,,,,,,,,,,,,,,,,,,,,,,,,,,,,,,,,,,"

UIT DE HAND TE KOOP OP TE Huurden HUIZING met goed beklante WAGEN:
MAKERIJ. aan den Rijweg in een brinkdorp van Friesland Aanvaarding 12 Wel 1000e bevragen tij Notaris PEEREBOOM boosaardig eventuele verkoop kan des verkiezingen gedeelte hoogschat als eerst hypotheek on
der et pand verblijven Wymbritseradiel WIJZES KOOISTRA onderwereldoorlog Herintrede en Danken het laatst dezer of in "
,,,,,,,,,,,,,,,,,,,,,,,,,,,,,,,,,,
,,,,,,,,,,,,,,,,,,,,,,,,,,,,,,,,,,
,,,,,,,,,,,,,,,,,,,,,,,,,,,,,,,,,,
