ID_CVB2,ID_CVB,IDv2,ID,Titel,Dag,DAG,Maand,MAAND,Jaar,Type,Type_Detail,Soort Transactie,Vraag/Aanbod,Detail,Contact,Beroep,Locatie_Contact,Handelt namens,Advertentie_Opmerking,Bedragen,Bedrag_range_minimum,Bedrag_range_maximum,Reden,Onderpand,Locatie_Onderpand,Loan-to-value,Tegenpartij_Voorkeur,Aflossing,Rente,Moment,Hypotheek_Opmerking,URL,tblResultaatMetadatakey,OCR

,,,,,,,,,,,,,,,,,,,,,,,,,,,,,,,,,,

,,,,,,,,,,,,,,,,,,,,,,,,,,,,,,,,,,

,,,,,,,,,,,,,,,,,,,,,,,,,,,,,,,,,,"

Samenkomsten tot gemeenschappelijk gebed in het lokaal 
der Vereeniging voor Christelijke Belangen, 
Aa-plein te ZWOLLE, 

des avonds te S uur. 

Maandag 3 Jan., de Heer SCHMITT van Amsterdam, 

Dinsdag 4 Jan., Ds. VAN HOOGENHUIJZE van 
ï¿½Heino. 

Woensdag 5 Jan., Ds. VERMEER. 

Donderdag . Jan., Ds. BRUMMELKAMP van Kampen. 

Vrijdag 7 Jan., Ds. GISPEN van Kampen. 

Zaterdag 8 Jan., Ds. DONKER 

Kamper Stoomboot-Maatschappij 

De dienst is tot nadere aankondig 
ging gestaakt. 
DE DIRECTIE. 

Hypotheek gevraagd! 

Men vraagt als eerste hypo 
teek f 2500 . op een solied en 
vast pand van dubbele waarde, gelegen 
buiten deze stad, met jaarlijkse aflossingen van f e40 

Aanbiedingen met opgave van voorwaarden worden 
Franco ingewacht onder No. a20 bij DE ERVEN J. 
J. TIL te Zwolle. 

Grooten Afslag !!!Leest!!! 

ROODE BORDEAUX WIJN, Miste kwaliteit 16e 
per 4 Bordelaisevaten, 290 fr., ROODE WIJN VAN 
SCHORS 1ste kwaliteit 16e per 4 Bordelaisevaten, 
380 fr. franco, onder zeil te Bordeaux Adresseren 
aan J. ANNA te Valence d'Agen, (Tarn et Groene 
Frankrijk. 
"

,,,,,,,,,,,,,,,,,,,,,,,,,,,,,,,,,,"

Kamper Stoomboot-Maatschappij 

De dienst is tot nadere aankondig 
ging gestaakt. 
DE DIRECTIE. 

Hypotheek gevraagd! 

Men vraagt als eerste hypo 
teek . 2500 . op een solied en 
vast pand van dubbele waarde, gelegen 
buiten deze stad, met jaarlijkse aflossingen van f 5000 

Aanbiedingen met opgave van voorwaarden worden 
Franco ingewacht onder No. a20 bij DE ERVEN J. 
J. TIL te Zwolle. 

Grooten Afslag-Leest . 

ROODE BORDEAUX WIJN, miste kwaliteit 16e 
per 4 Bordelaisevaten, 290 fr., ROODE WIJN VAN 
SCHORS 1ste kwaliteit 16e per 4 Bordelaisevaten, 
380 fr; franco, onder zeil te Bordeaux Adresseren 
aan J. ANNA te Valence d'Agen, (Tarn et Groene 
Frankrijk. 
"

